hash,text,audio_file,synthesis_time,voice_name,speaking_rate,pitch
70ac481b9b3267885ff18cfa685971fc0274c476758e89dad59a29fcac70b907,a table,data/audio/70ac481b9b3267885ff18cfa685971fc0274c476758e89dad59a29fcac70b907.mp3,0.6337174999999995,en-US-Wavenet-D,1.0,0
edaa59d5860fcdcc1cedfeebc451702b6737afe5a590341f48b720111ea54efa,un tavolo,data/audio/edaa59d5860fcdcc1cedfeebc451702b6737afe5a590341f48b720111ea54efa.mp3,0.1704937500000021,it-IT-Wavenet-D,0.75,0
40dfe3123ec80ab6a870e5f04a94dfbb1a27f2f172ac6f085703d16d24f91d1d,for how many persons,data/audio/40dfe3123ec80ab6a870e5f04a94dfbb1a27f2f172ac6f085703d16d24f91d1d.mp3,0.2017802089999989,en-US-Wavenet-D,1.0,0
ecec1641fde6cae788dc01f435017aafeaa70a003dce549c54412a7f22d999de,per quante persone,data/audio/ecec1641fde6cae788dc01f435017aafeaa70a003dce549c54412a7f22d999de.mp3,0.1833730419999995,it-IT-Wavenet-D,0.75,0
0870f75360b48c260f410f8d90fb393cd4f172b189ee557f3d813eabbbbd5213,we would like a table for two,data/audio/0870f75360b48c260f410f8d90fb393cd4f172b189ee557f3d813eabbbbd5213.mp3,0.2584954159999988,en-US-Wavenet-D,1.0,0
924235d0fef0368a87e2db3725cfc2cdfcb0cc0f8f815e3c9b9f418e2fc59d29,vorremmo un tavolo per due,data/audio/924235d0fef0368a87e2db3725cfc2cdfcb0cc0f8f815e3c9b9f418e2fc59d29.mp3,0.2931095829999997,it-IT-Wavenet-D,0.75,0
2bb370581b4d676216a3ce4869bfb651f1cb3d107169e71aaf8f31c811996414,I would like this one,data/audio/2bb370581b4d676216a3ce4869bfb651f1cb3d107169e71aaf8f31c811996414.mp3,0.2059001659999992,en-US-Wavenet-D,1.0,0
00068d8ad61773682ce84933fc1232a119427bf6028b17758212d23e6603eeb1,vorrei questo,data/audio/00068d8ad61773682ce84933fc1232a119427bf6028b17758212d23e6603eeb1.mp3,0.216447875,it-IT-Wavenet-D,0.75,0
7e5629bb96034be775bffb5aa3088f98e184e01387686f173bad9ca7460be35d,I would like that one over there,data/audio/7e5629bb96034be775bffb5aa3088f98e184e01387686f173bad9ca7460be35d.mp3,0.1809393749999976,en-US-Wavenet-D,1.0,0
355a36b943fee1f7e0211a2fa58e9c288db1e0379ee3fc76cede0451a086ae7b,vorrei quello laggiù,data/audio/355a36b943fee1f7e0211a2fa58e9c288db1e0379ee3fc76cede0451a086ae7b.mp3,0.2196687910000001,it-IT-Wavenet-D,0.75,0
be37725c128becc5dd253f53bcabaf3b846db7333cad4aeacb197ae5c96b5f1c,another table,data/audio/be37725c128becc5dd253f53bcabaf3b846db7333cad4aeacb197ae5c96b5f1c.mp3,0.2101381250000003,en-US-Wavenet-D,1.0,0
3ebfa22e904361cc6f3564195e4d5cc741983529085ead53e426b0957cd3d6aa,un altro tavolo,data/audio/3ebfa22e904361cc6f3564195e4d5cc741983529085ead53e426b0957cd3d6aa.mp3,0.4003601669999987,it-IT-Wavenet-D,0.75,0
e467ed2e1e1f4c868c2bc0bd1567f4a77e80ee3a4d02ca1d36c23dcc883dcd46,do you have another table,data/audio/e467ed2e1e1f4c868c2bc0bd1567f4a77e80ee3a4d02ca1d36c23dcc883dcd46.mp3,0.1874184169999999,en-US-Wavenet-D,1.0,0
7e2e703221ca4558d493c613984044fe46c12c8d73d6106ce8474a72bdd04fbc,avete un altro tavolo,data/audio/7e2e703221ca4558d493c613984044fe46c12c8d73d6106ce8474a72bdd04fbc.mp3,0.1932992500000026,it-IT-Wavenet-D,0.75,0
947544b1520153f5cbd90634742076a7be9042badebed5e10d730048880fe0ba,the window,data/audio/947544b1520153f5cbd90634742076a7be9042badebed5e10d730048880fe0ba.mp3,0.1693406670000001,en-US-Wavenet-D,1.0,0
c86309883f68fb938ca8e30b47844c75f864cc620a9bb237c2281c5a637ede85,la finestra,data/audio/c86309883f68fb938ca8e30b47844c75f864cc620a9bb237c2281c5a637ede85.mp3,0.224086291999999,it-IT-Wavenet-D,0.75,0
08d7b80af09cc738036ff18a883feeb82b354dde726c8b036fcaa8eca16abd31,near the window,data/audio/08d7b80af09cc738036ff18a883feeb82b354dde726c8b036fcaa8eca16abd31.mp3,0.3117684169999997,en-US-Wavenet-D,1.0,0
bae5b1d05f68492e1f4540fe2d6ea7250f3f03e0f6c503fb671beeb3bba42202,vicino alla finestra,data/audio/bae5b1d05f68492e1f4540fe2d6ea7250f3f03e0f6c503fb671beeb3bba42202.mp3,0.2771104579999992,it-IT-Wavenet-D,0.75,0
a4f7e3f0fda799d9044402f5e723baae3d55914f226e33597af1e5f7301d9425,the menu please,data/audio/a4f7e3f0fda799d9044402f5e723baae3d55914f226e33597af1e5f7301d9425.mp3,0.186717625,en-US-Wavenet-D,1.0,0
3c6ab1c9b296ed723989c4733d3001acf6195b0e8bc1b4566fcc8c4d219a67bf,il menù per piacere,data/audio/3c6ab1c9b296ed723989c4733d3001acf6195b0e8bc1b4566fcc8c4d219a67bf.mp3,0.2266349579999982,it-IT-Wavenet-D,0.75,0
df363dda72edab6e57fa234d236d388f0897d10812ff17114645bdcc78571513,the bill please,data/audio/df363dda72edab6e57fa234d236d388f0897d10812ff17114645bdcc78571513.mp3,0.1970554169999978,en-US-Wavenet-D,1.0,0
64fc40b0c0d3bae776d781264a3ab0a67135531e30ec7f52cdbe7dfc0ac4a159,il conto per piacere,data/audio/64fc40b0c0d3bae776d781264a3ab0a67135531e30ec7f52cdbe7dfc0ac4a159.mp3,0.2515975830000023,it-IT-Wavenet-D,0.75,0
23f26d42a6491a05b4bf1ee42630190bd22099bd574bb2b3927cdba0dc0fc5b4,included,data/audio/23f26d42a6491a05b4bf1ee42630190bd22099bd574bb2b3927cdba0dc0fc5b4.mp3,0.1480948330000018,en-US-Wavenet-D,1.0,0
231b7a7eac418c6c8416728ab7642b476646f305b5329b305aa16ea97ef645be,incluso,data/audio/231b7a7eac418c6c8416728ab7642b476646f305b5329b305aa16ea97ef645be.mp3,0.154995582999998,it-IT-Wavenet-D,0.75,0
0d342f95fda7f2e66dee1713a2a5a4b856397830fd7787a240b3a7890a2293de,is the service included,data/audio/0d342f95fda7f2e66dee1713a2a5a4b856397830fd7787a240b3a7890a2293de.mp3,0.2247866250000001,en-US-Wavenet-D,1.0,0
7b74cddc33678a23b9230bf35a5f3ad2b8ddc53f8295b836a052610b6b3156f2,il servizio è incluso,data/audio/7b74cddc33678a23b9230bf35a5f3ad2b8ddc53f8295b836a052610b6b3156f2.mp3,0.2661489589999988,it-IT-Wavenet-D,0.75,0
113051a1e6047dbc6f823e15d1e77791c1e387b03b3ededa8bf9239d7c2c8b94,the soup,data/audio/113051a1e6047dbc6f823e15d1e77791c1e387b03b3ededa8bf9239d7c2c8b94.mp3,0.1903453330000033,en-US-Wavenet-D,1.0,0
94006905368e01a2f7da33919858cbd983b3dd58f51068eee25645e54b4dce76,la minestra,data/audio/94006905368e01a2f7da33919858cbd983b3dd58f51068eee25645e54b4dce76.mp3,0.1871067079999981,it-IT-Wavenet-D,0.75,0
8bf6bcc4574a09553b84c7d9330443fe2e79c872fabbd3294a893f0678b8d3f5,the salad,data/audio/8bf6bcc4574a09553b84c7d9330443fe2e79c872fabbd3294a893f0678b8d3f5.mp3,0.1671595000000003,en-US-Wavenet-D,1.0,0
250490ce28dede533bee6e758bbcf687e635c84cd1af61f167a0cc82edb7ce49, l'insalata,data/audio/250490ce28dede533bee6e758bbcf687e635c84cd1af61f167a0cc82edb7ce49.mp3,0.192441500000001,it-IT-Wavenet-D,0.75,0
11355bed0c0d6524965adb4127f596d649f1346ab3d858621f1a96e80ea06cae,an appetizer,data/audio/11355bed0c0d6524965adb4127f596d649f1346ab3d858621f1a96e80ea06cae.mp3,0.1880108749999998,en-US-Wavenet-D,1.0,0
759dfe62c00eb05172b11a7166a7233bbf3ab23bba30fef9924a62ba83481bd4,un antipasto,data/audio/759dfe62c00eb05172b11a7166a7233bbf3ab23bba30fef9924a62ba83481bd4.mp3,0.2074691249999993,it-IT-Wavenet-D,0.75,0
e8241e61838ecada38b5d551ebd5fd83898a6ac5ae005d09d163998830bf0783,a desert,data/audio/e8241e61838ecada38b5d551ebd5fd83898a6ac5ae005d09d163998830bf0783.mp3,0.3139973749999996,en-US-Wavenet-D,1.0,0
b192bca49060831791f56d3a725198dea278bf27b5e2820b822a5013c766f05d,un desert / un dolce,data/audio/b192bca49060831791f56d3a725198dea278bf27b5e2820b822a5013c766f05d.mp3,0.1742770829999997,it-IT-Wavenet-D,0.75,0
f3e2cb66f4bc18e62e817577c1d593e76679f64466a105c70504edb19da4c835,a drink,data/audio/f3e2cb66f4bc18e62e817577c1d593e76679f64466a105c70504edb19da4c835.mp3,0.2801694999999995,en-US-Wavenet-D,1.0,0
3798508fccbe22692fff0a235bebc5a58713dfde9781c1f1b32d6382a25a3aba,una bevanda,data/audio/3798508fccbe22692fff0a235bebc5a58713dfde9781c1f1b32d6382a25a3aba.mp3,0.2393238330000002,it-IT-Wavenet-D,0.75,0
3c9ee2161660d66b23ed302ebdb6a3f41e6fea24769d7ce9ed736d1dcd7b47c2,a list,data/audio/3c9ee2161660d66b23ed302ebdb6a3f41e6fea24769d7ce9ed736d1dcd7b47c2.mp3,0.3670292080000017,en-US-Wavenet-D,1.0,0
c6cd8a3bcdd3086e2e200ab64270faed7bbc6df31e921c416d0c24150db38d92,una lista,data/audio/c6cd8a3bcdd3086e2e200ab64270faed7bbc6df31e921c416d0c24150db38d92.mp3,0.3029644579999981,it-IT-Wavenet-D,0.75,0
bebea04ac47b3ce5ab3d8fefe7501b4f00040be617ce52fd2776cda940136569,a wine list,data/audio/bebea04ac47b3ce5ab3d8fefe7501b4f00040be617ce52fd2776cda940136569.mp3,0.2146321669999977,en-US-Wavenet-D,1.0,0
5b8d68152693bf67147e67b4302af582fe35eecce7727f91022aaf80391eafcc,una lista dei vini,data/audio/5b8d68152693bf67147e67b4302af582fe35eecce7727f91022aaf80391eafcc.mp3,0.2137905419999981,it-IT-Wavenet-D,0.75,0
a5e64dfcf33e976af961289dd6d41502bb9bfdb27bd2bb63821507a9f963f11c,the first course,data/audio/a5e64dfcf33e976af961289dd6d41502bb9bfdb27bd2bb63821507a9f963f11c.mp3,0.224318083,en-US-Wavenet-D,1.0,0
e596f22646dee10f644d42e18530c9a72dce822bfffd09f80fa0b0bd3a306cd9,il primo piatto,data/audio/e596f22646dee10f644d42e18530c9a72dce822bfffd09f80fa0b0bd3a306cd9.mp3,0.2392121659999979,it-IT-Wavenet-D,0.75,0
cccd3bb9d3333af680560c9a237865c1fd0c1319a9f2c6bb96d4f5224b3d3783,the second course,data/audio/cccd3bb9d3333af680560c9a237865c1fd0c1319a9f2c6bb96d4f5224b3d3783.mp3,0.207689208999998,en-US-Wavenet-D,1.0,0
a22ec6c979b63ea2f1371c0ebcf4a28c437b7fc5b6114041dd27beda766308c7,il secondo piatto,data/audio/a22ec6c979b63ea2f1371c0ebcf4a28c437b7fc5b6114041dd27beda766308c7.mp3,0.2125394999999983,it-IT-Wavenet-D,0.75,0
998e1f4e011e95b70ab147b913498751bfed3ed015b4c2b7ae8c97c847243092,a side dish,data/audio/998e1f4e011e95b70ab147b913498751bfed3ed015b4c2b7ae8c97c847243092.mp3,0.1754474159999972,en-US-Wavenet-D,1.0,0
85d90360163519e59b004c63d2b16b27a93e30cce6470fa87cb0347710d0f680,un contorno,data/audio/85d90360163519e59b004c63d2b16b27a93e30cce6470fa87cb0347710d0f680.mp3,0.1928266669999985,it-IT-Wavenet-D,0.75,0
76afe1e3ea46a6d78dd8d2b9dc2601144156cb7de9f1e2d9c8d2d8876d87cdb5,vegatables,data/audio/76afe1e3ea46a6d78dd8d2b9dc2601144156cb7de9f1e2d9c8d2d8876d87cdb5.mp3,0.2254582920000025,en-US-Wavenet-D,1.0,0
581040d1403b190cdc2544555746cbb670f342525042d4b7502317a3f668eb99,verdure,data/audio/581040d1403b190cdc2544555746cbb670f342525042d4b7502317a3f668eb99.mp3,0.2133108750000012,it-IT-Wavenet-D,0.75,0
25d6b0d3239edf07324262516afde8f26b95e60531968849daffa1cf5603adf0,ice,data/audio/25d6b0d3239edf07324262516afde8f26b95e60531968849daffa1cf5603adf0.mp3,0.1655371670000001,en-US-Wavenet-D,1.0,0
45f6af523586ac09c0e75cebf82f2aef4c01793f785e812be856b2e85d71c0e2,ghiaccio,data/audio/45f6af523586ac09c0e75cebf82f2aef4c01793f785e812be856b2e85d71c0e2.mp3,0.1803112079999991,it-IT-Wavenet-D,0.75,0
f709a2bd0bf83c1415c182614f1324552085a18029794136e45b7ec35b9318f2,the tip,data/audio/f709a2bd0bf83c1415c182614f1324552085a18029794136e45b7ec35b9318f2.mp3,0.2765277089999998,en-US-Wavenet-D,1.0,0
a06af2934510b824c0dd3cd52462aa1586de2ed5df81854189d549de9be42682,la mancia,data/audio/a06af2934510b824c0dd3cd52462aa1586de2ed5df81854189d549de9be42682.mp3,0.2109706670000051,it-IT-Wavenet-D,0.75,0
de178bbdf262d3841b0492fd3d30e6e407f43d51871b435ecf0b24e28a001e5d,a waiter,data/audio/de178bbdf262d3841b0492fd3d30e6e407f43d51871b435ecf0b24e28a001e5d.mp3,0.1975277920000024,en-US-Wavenet-D,1.0,0
5fff612cee6596b0a9d646bc66d5fddd010a3867d0d2fbe5da31a5c0664ce616,un cameriere,data/audio/5fff612cee6596b0a9d646bc66d5fddd010a3867d0d2fbe5da31a5c0664ce616.mp3,0.1726985410000026,it-IT-Wavenet-D,0.75,0
88d43cad1b97be17fe85f9b014914c2187399ff2db4552d207a702458c081397,a waitress,data/audio/88d43cad1b97be17fe85f9b014914c2187399ff2db4552d207a702458c081397.mp3,0.1842198750000037,en-US-Wavenet-D,1.0,0
efd28fbfabcf6a1c4919d658bbf6bebe50cea5b5af648288cbb59bdd824dde2f,una cameriera,data/audio/efd28fbfabcf6a1c4919d658bbf6bebe50cea5b5af648288cbb59bdd824dde2f.mp3,0.1944883749999988,it-IT-Wavenet-D,0.75,0
f6ef142c0be3ec95014c68a7d81238070508067cbcbf3b907c84738398323c54,[to call a waiter],data/audio/f6ef142c0be3ec95014c68a7d81238070508067cbcbf3b907c84738398323c54.mp3,0.1978156660000039,en-US-Wavenet-D,1.0,0
74c316b3d27a9b29bd009087872f554c0fcb605a89feefd6e95ad27762c9f322,cameriere,data/audio/74c316b3d27a9b29bd009087872f554c0fcb605a89feefd6e95ad27762c9f322.mp3,0.1636097499999991,it-IT-Wavenet-D,0.75,0
921ec640c8081c194681ec851de24f2782814db949658b670d2b8f5f3e507f00,to pay,data/audio/921ec640c8081c194681ec851de24f2782814db949658b670d2b8f5f3e507f00.mp3,0.187962375000005,en-US-Wavenet-D,1.0,0
ab1628b11cc311dda3a83c4089b374346b0f17b2aad7dc8fccdb6fc035d59212,pagare,data/audio/ab1628b11cc311dda3a83c4089b374346b0f17b2aad7dc8fccdb6fc035d59212.mp3,0.1740849580000016,it-IT-Wavenet-D,0.75,0
987fa989d1acfdb5881a3bdc38b816d74e40633aa37f0ea213da8c27cd02de98,I would like to pay,data/audio/987fa989d1acfdb5881a3bdc38b816d74e40633aa37f0ea213da8c27cd02de98.mp3,0.290921541000003,en-US-Wavenet-D,1.0,0
3e1e617806988b375478988143258847a144736345472db111d8e5738f732aa8,vorrei pagare,data/audio/3e1e617806988b375478988143258847a144736345472db111d8e5738f732aa8.mp3,0.2069541249999957,it-IT-Wavenet-D,0.75,0
465367a8de1e724368e4574ec4be01e5b99467dcf67a0e2c5e6ba504094e1999,two coffees please,data/audio/465367a8de1e724368e4574ec4be01e5b99467dcf67a0e2c5e6ba504094e1999.mp3,0.3124856660000006,en-US-Wavenet-D,1.0,0
cc2b751c202b5b4a2108775b5d9976bedcaa5ea7676dc894b67eabbb45b17b59, due caffè per piacere,data/audio/cc2b751c202b5b4a2108775b5d9976bedcaa5ea7676dc894b67eabbb45b17b59.mp3,0.2030270000000058,it-IT-Wavenet-D,0.75,0
9aa3b90753d001ff5ce1f91802abb52f2ab1ca9c4cd6395e487ced183eaf1880,do you want desert,data/audio/9aa3b90753d001ff5ce1f91802abb52f2ab1ca9c4cd6395e487ced183eaf1880.mp3,0.3047674589999971,en-US-Wavenet-D,1.0,0
0b773d4be8bd06514d40c662e1f590820af3163a6f0ed1f62e8d944ddbdbf689, vuole desert,data/audio/0b773d4be8bd06514d40c662e1f590820af3163a6f0ed1f62e8d944ddbdbf689.mp3,0.2002018339999978,it-IT-Wavenet-D,0.75,0
7a25728fa57d0a4a46eef049f206f5f6602e3d38af2901798b5aa0ed489f8bab,a dessert,data/audio/7a25728fa57d0a4a46eef049f206f5f6602e3d38af2901798b5aa0ed489f8bab.mp3,0.4474796670000103,en-US-Wavenet-D,1.0,0
4ff76cc04a519da7636ba08e73cc1140cf51cabfa0d3e3a7603b02dcebe78bd4,un dessert / un dolce,data/audio/4ff76cc04a519da7636ba08e73cc1140cf51cabfa0d3e3a7603b02dcebe78bd4.mp3,0.2421021250000024,it-IT-Wavenet-D,0.75,0
396bdef0fff5f95fe5eee005c7e59aac3b3dd6af09c00a5c69091f3e6ff16541,do you want dessert,data/audio/396bdef0fff5f95fe5eee005c7e59aac3b3dd6af09c00a5c69091f3e6ff16541.mp3,0.1745199169999978,en-US-Wavenet-D,1.0,0
fda426deae076d8817f991963ac1353b5db5c4a58c7012bda190bf347eec2cb2, vuole dessert,data/audio/fda426deae076d8817f991963ac1353b5db5c4a58c7012bda190bf347eec2cb2.mp3,0.1796640839999952,it-IT-Wavenet-D,0.75,0
d6d35bbaf77681dfc008af4e9d9fbb958ece7e79948d3c8cc222dcf68bd45815,how much is it,data/audio/d6d35bbaf77681dfc008af4e9d9fbb958ece7e79948d3c8cc222dcf68bd45815.mp3,0.4508479999999997,en-US-Wavenet-D,1.0,0
4ffdfc4e76c2a5f7b216afbbfc4365603819ece8c0937bfae27f4996cb181cb3,quante,data/audio/4ffdfc4e76c2a5f7b216afbbfc4365603819ece8c0937bfae27f4996cb181cb3.mp3,0.357472833000001,it-IT-Wavenet-D,0.75,0
e1d48303ef8496fba103ba6fc756f375e9ef4f5d35b4e3368e4683743c3295bd,this one (masculine),data/audio/e1d48303ef8496fba103ba6fc756f375e9ef4f5d35b4e3368e4683743c3295bd.mp3,0.176924915999999,en-US-Wavenet-D,1.0,0
a73e3bf6bfbb4cce96f60e7ebf39906d2ca2746762624f202c235aaae9beae73,questo,data/audio/a73e3bf6bfbb4cce96f60e7ebf39906d2ca2746762624f202c235aaae9beae73.mp3,0.1629840409999996,it-IT-Wavenet-D,0.75,0
b74caef2379801322d062df77b9fb6d955052b149a648566173d0721ca2bb563,that one (masculine),data/audio/b74caef2379801322d062df77b9fb6d955052b149a648566173d0721ca2bb563.mp3,0.1741610829999995,en-US-Wavenet-D,1.0,0
16ac81ee07105af89739ac11a4f8c592e8fbe653e56803a9128870bd9454f786,quello,data/audio/16ac81ee07105af89739ac11a4f8c592e8fbe653e56803a9128870bd9454f786.mp3,0.1550378749999996,it-IT-Wavenet-D,0.75,0
db0e0d9834dcb3c218cbf3a1d4113542ef4eb9e92f9645a35f5fe03ab02570aa,that one over there,data/audio/db0e0d9834dcb3c218cbf3a1d4113542ef4eb9e92f9645a35f5fe03ab02570aa.mp3,0.1463522919999995,en-US-Wavenet-D,1.0,0
93c5099f543582cd32ab65fe4c8e3abe1000bb087e1694ca6ec7d3f5c382bb5b,quello laggiù,data/audio/93c5099f543582cd32ab65fe4c8e3abe1000bb087e1694ca6ec7d3f5c382bb5b.mp3,0.5919146249999994,it-IT-Wavenet-D,0.75,0
f612a40a6f0127933366775716568bea2b669903b8c02fa25c2ff78a216735ca,these ones (masculine),data/audio/f612a40a6f0127933366775716568bea2b669903b8c02fa25c2ff78a216735ca.mp3,0.3009145830000008,en-US-Wavenet-D,1.0,0
ae4f95ff9a35d67bc100a6b1b6ddaffa72ad0bc67a40162689614caf4c97ef3c,questi,data/audio/ae4f95ff9a35d67bc100a6b1b6ddaffa72ad0bc67a40162689614caf4c97ef3c.mp3,0.4145252499999987,it-IT-Wavenet-D,0.75,0
d8a847e3711044b71b0cbe81e1f25611b920d0335dee878ae3215c009ab0532d,those ones (masculine),data/audio/d8a847e3711044b71b0cbe81e1f25611b920d0335dee878ae3215c009ab0532d.mp3,0.291232707999999,en-US-Wavenet-D,1.0,0
36c82cd2298836075a0e21da2fb09e0b7cd33e2690be50bab5e2019897ac1404,quelli,data/audio/36c82cd2298836075a0e21da2fb09e0b7cd33e2690be50bab5e2019897ac1404.mp3,0.2536504169999993,it-IT-Wavenet-D,0.75,0
35506d81619b48f4ee1fc34e19c14fac19ef8feaae6b4b607f3ebda42512fde5,those ones over there (masculine),data/audio/35506d81619b48f4ee1fc34e19c14fac19ef8feaae6b4b607f3ebda42512fde5.mp3,1.6628810830000005,en-US-Wavenet-D,1.0,0
cf9f88fe3c888ef4fb3ead11ff8b102bb79a19f91e44b47551d61668925e84e2,quelli laggiù,data/audio/cf9f88fe3c888ef4fb3ead11ff8b102bb79a19f91e44b47551d61668925e84e2.mp3,0.142539042000001,it-IT-Wavenet-D,0.75,0
e939c4a1e090776fa293b88409a24a8c743afa7cca319dc9e6f3a66738bc05e3,large,data/audio/e939c4a1e090776fa293b88409a24a8c743afa7cca319dc9e6f3a66738bc05e3.mp3,0.1581957079999991,en-US-Wavenet-D,1.0,0
4991b99ceacdcb10a71f121347c3b150fb0ae9aa65d32626263e4b7eb0ec8d97,grande,data/audio/4991b99ceacdcb10a71f121347c3b150fb0ae9aa65d32626263e4b7eb0ec8d97.mp3,0.1875053330000007,it-IT-Wavenet-D,0.75,0
99701d9fd89438dad57dfdb1974166c52756cf1c995429e176456ef657b045b7,larger,data/audio/99701d9fd89438dad57dfdb1974166c52756cf1c995429e176456ef657b045b7.mp3,0.3221628330000001,en-US-Wavenet-D,1.0,0
b10628c3a3c66c2c1512e6874ea51dd60a2a5ee7f238bc72d8ce10daf3edd141,più grande,data/audio/b10628c3a3c66c2c1512e6874ea51dd60a2a5ee7f238bc72d8ce10daf3edd141.mp3,0.4034457909999993,it-IT-Wavenet-D,0.75,0
28120eec5003e093d13c0e7b851aa2bb4ca1d89cc4e4c2e696700fcbd53d2f61,the largest,data/audio/28120eec5003e093d13c0e7b851aa2bb4ca1d89cc4e4c2e696700fcbd53d2f61.mp3,0.1449478749999997,en-US-Wavenet-D,1.0,0
91158e5321db71b2ba6b92e0db0e3c8fac62535ce1af64ca0fa59484b6755d82,il più grande,data/audio/91158e5321db71b2ba6b92e0db0e3c8fac62535ce1af64ca0fa59484b6755d82.mp3,0.2519571670000005,it-IT-Wavenet-D,0.75,0
fed0a133fb017d0d36389703a7453f5284de0cb010661278fa497154aae3c2de,small (masculine),data/audio/fed0a133fb017d0d36389703a7453f5284de0cb010661278fa497154aae3c2de.mp3,0.3023691670000001,en-US-Wavenet-D,1.0,0
8bd27ab7f2ee4646bc42805762e00f44f467fba439c87f1dfe72dca80725c67a, piccolo,data/audio/8bd27ab7f2ee4646bc42805762e00f44f467fba439c87f1dfe72dca80725c67a.mp3,0.3059246249999994,it-IT-Wavenet-D,0.75,0
ff47632959704d971f7a31942a64c22dc3f66d4778c884cbbc6b29f4a34fc833,smaller,data/audio/ff47632959704d971f7a31942a64c22dc3f66d4778c884cbbc6b29f4a34fc833.mp3,0.200760292,en-US-Wavenet-D,1.0,0
b6b36230f7d37d34eac520e0a7b75889ba4e1325664f5002e41c03c37942c66d,più piccolo,data/audio/b6b36230f7d37d34eac520e0a7b75889ba4e1325664f5002e41c03c37942c66d.mp3,0.1977200410000001,it-IT-Wavenet-D,0.75,0
f90e504415e3dd8f8c7c85fe5d8d50c04adc0cf95b674357916f4631c49aa1e7,the smallest,data/audio/f90e504415e3dd8f8c7c85fe5d8d50c04adc0cf95b674357916f4631c49aa1e7.mp3,0.2048427920000008,en-US-Wavenet-D,1.0,0
5d1eeaf5855f280558738b1e31d92b032c48b3c6f66e1adb8a0e0a7cccd53413,il più piccolo,data/audio/5d1eeaf5855f280558738b1e31d92b032c48b3c6f66e1adb8a0e0a7cccd53413.mp3,0.4018886250000015,it-IT-Wavenet-D,0.75,0
d806123e6329fbd46252c7d0248eb47b7bb7317e3da0c3f3500e01cd63850b1d,like this,data/audio/d806123e6329fbd46252c7d0248eb47b7bb7317e3da0c3f3500e01cd63850b1d.mp3,0.2033960419999996,en-US-Wavenet-D,1.0,0
796eb416045eebff5fee66b9f86cef7c1999ed914b91055e645ae17ed83fad55,così,data/audio/796eb416045eebff5fee66b9f86cef7c1999ed914b91055e645ae17ed83fad55.mp3,0.1901580420000002,it-IT-Wavenet-D,0.75,0
68b818e9c0fc41f05f54c4b06bb56b2b3a6cbded2e7a4c00b9e485d0b73c20de,like this one,data/audio/68b818e9c0fc41f05f54c4b06bb56b2b3a6cbded2e7a4c00b9e485d0b73c20de.mp3,0.3118167909999982,en-US-Wavenet-D,1.0,0
bafd8d5f25ca74dbb0b336292e31bb8e0a2759390ff2250275c3c0267ad58ea8,come questo,data/audio/bafd8d5f25ca74dbb0b336292e31bb8e0a2759390ff2250275c3c0267ad58ea8.mp3,0.3033575000000006,it-IT-Wavenet-D,0.75,0
7406de215bdffebbb60e9e9f34b1dddb87af635b6f93bd6c080c6db8aedc52ae,like this one but bigger,data/audio/7406de215bdffebbb60e9e9f34b1dddb87af635b6f93bd6c080c6db8aedc52ae.mp3,0.2025278750000012,en-US-Wavenet-D,1.0,0
1322e1f2b853bc4386f67758505dfdcf089d68cca67c8986a898c3a11ae59ebd,come questo ma più grande,data/audio/1322e1f2b853bc4386f67758505dfdcf089d68cca67c8986a898c3a11ae59ebd.mp3,0.3009397090000014,it-IT-Wavenet-D,0.75,0
73a193d710ef2c86d80f42a34d4d685c2622fb9cb2d7226aa7335e50688113f3,better,data/audio/73a193d710ef2c86d80f42a34d4d685c2622fb9cb2d7226aa7335e50688113f3.mp3,0.1777654169999998,en-US-Wavenet-D,1.0,0
0cd917dc4ea115c1239f63b600147d4866510664fffe6b7a2238bffe4e8ac044,meglio,data/audio/0cd917dc4ea115c1239f63b600147d4866510664fffe6b7a2238bffe4e8ac044.mp3,0.2091982080000001,it-IT-Wavenet-D,0.75,0
32b79d0d386d3e1450f0b03e7a6f9de4b0f49e18a7fd787ac8eee479306e462c,more expensive,data/audio/32b79d0d386d3e1450f0b03e7a6f9de4b0f49e18a7fd787ac8eee479306e462c.mp3,0.2190003330000003,en-US-Wavenet-D,1.0,0
e2cbf016a2fa54c71c0e2937ffef84fb0181ac0b9171cf0f999342f32cde328a,più caro,data/audio/e2cbf016a2fa54c71c0e2937ffef84fb0181ac0b9171cf0f999342f32cde328a.mp3,0.3013154169999978,it-IT-Wavenet-D,0.75,0
2e77277939038f20f90e5ccfa6ff217d8c7240821021cf01cf5353e940c0b6f6,less expensive,data/audio/2e77277939038f20f90e5ccfa6ff217d8c7240821021cf01cf5353e940c0b6f6.mp3,0.3002147909999983,en-US-Wavenet-D,1.0,0
ba1b0ffc8c56b95db403650b5ff38a52d4bb49dadcbddcb00228e311a6d9187d,meno caro,data/audio/ba1b0ffc8c56b95db403650b5ff38a52d4bb49dadcbddcb00228e311a6d9187d.mp3,0.187312459000001,it-IT-Wavenet-D,0.75,0
258c60c85fd38344a6b40f69a2be25f32ed038649529c4af56394f041ffc73e0,too expensive,data/audio/258c60c85fd38344a6b40f69a2be25f32ed038649529c4af56394f041ffc73e0.mp3,0.1696150000000003,en-US-Wavenet-D,1.0,0
c2fe4f970e3d2c9c403d9c591088476ce7f8512d875ff40d0a7244a3d7822d9c,troppo caro,data/audio/c2fe4f970e3d2c9c403d9c591088476ce7f8512d875ff40d0a7244a3d7822d9c.mp3,0.1938980420000007,it-IT-Wavenet-D,0.75,0
de55e6c7e7123efccbe68fb8b18f979daa8a5a47519de738c57236cbfd07e1a8,cheap,data/audio/de55e6c7e7123efccbe68fb8b18f979daa8a5a47519de738c57236cbfd07e1a8.mp3,0.2490598340000005,en-US-Wavenet-D,1.0,0
9a11a85b62dd48850f772f1780e55934ff0095520924927f927e0f0f0fd1b372, poco caro,data/audio/9a11a85b62dd48850f772f1780e55934ff0095520924927f927e0f0f0fd1b372.mp3,0.206020500000001,it-IT-Wavenet-D,0.75,0
8f369b258bf5284108303b4e3fe27531293cc1bbc630757b7918bf1a52143b22,something,data/audio/8f369b258bf5284108303b4e3fe27531293cc1bbc630757b7918bf1a52143b22.mp3,0.1500431249999998,en-US-Wavenet-D,1.0,0
7163b1778b4dcb7067b906c0801f25195e4491a297e5bdc89c7585657beeea59,qualcosa,data/audio/7163b1778b4dcb7067b906c0801f25195e4491a297e5bdc89c7585657beeea59.mp3,0.1493701250000008,it-IT-Wavenet-D,0.75,0
8d29462f1967906230a919eaa89b2bde4c4cfacfdd673f843b1d8fd83956e1bf,I would like something more or less like this,data/audio/8d29462f1967906230a919eaa89b2bde4c4cfacfdd673f843b1d8fd83956e1bf.mp3,0.1773424170000019,en-US-Wavenet-D,1.0,0
8ad471557c53b955db4db9aaf551cde3e54cbbf39097cae352e0ed6cf81ac21a,vorrei qualcosa più meno così,data/audio/8ad471557c53b955db4db9aaf551cde3e54cbbf39097cae352e0ed6cf81ac21a.mp3,0.3197631660000013,it-IT-Wavenet-D,0.75,0
7d3a121a3800bfaea616103b8c65994e890f9dadabefb2b53e5b98befb564be9,I would like something less expensive,data/audio/7d3a121a3800bfaea616103b8c65994e890f9dadabefb2b53e5b98befb564be9.mp3,0.1842753339999987,en-US-Wavenet-D,1.0,0
1e0c6e00d5b7f0c51475a7b909a9257ec31e2511d3aef8d005b2dc5680a35730,vorrei qualcosa di meno caro,data/audio/1e0c6e00d5b7f0c51475a7b909a9257ec31e2511d3aef8d005b2dc5680a35730.mp3,0.1789457500000004,it-IT-Wavenet-D,0.75,0
adef55ec1b04fb4181b449457aa36ede6351c54d5e64578b2879b50c0610b370,I'm looking for,data/audio/adef55ec1b04fb4181b449457aa36ede6351c54d5e64578b2879b50c0610b370.mp3,0.229908666,en-US-Wavenet-D,1.0,0
afc64556ef43b0542815c6e1301e6b6e986cc8565179a0be5f9078af0a560a09,cerco,data/audio/afc64556ef43b0542815c6e1301e6b6e986cc8565179a0be5f9078af0a560a09.mp3,0.1431237499999973,it-IT-Wavenet-D,0.75,0
2144d390c5112d2d4f83382bb91433f8000f30a5d97f391cc6e5fb11c76ab26c,no not like that,data/audio/2144d390c5112d2d4f83382bb91433f8000f30a5d97f391cc6e5fb11c76ab26c.mp3,0.144549542,en-US-Wavenet-D,1.0,0
2a595f00e1c516c89254f60a7ea7891bc81434d98cc3dfdcf0d8aef1a88ad97d,no non così,data/audio/2a595f00e1c516c89254f60a7ea7891bc81434d98cc3dfdcf0d8aef1a88ad97d.mp3,0.1877076660000014,it-IT-Wavenet-D,0.75,0
8cda79577b3f0b2ce4b956b940679021e4673e6133b77fd4a982a8425c7c4c86,Thank you sir,data/audio/8cda79577b3f0b2ce4b956b940679021e4673e6133b77fd4a982a8425c7c4c86.mp3,0.2035970419999984,en-US-Wavenet-D,1.0,0
bde22c9304a0b1169f7dd71f5bbaa22bbfe9db1f09bf9fbdce65979857510521,grazie signore,data/audio/bde22c9304a0b1169f7dd71f5bbaa22bbfe9db1f09bf9fbdce65979857510521.mp3,0.2165365829999999,it-IT-Wavenet-D,0.75,0
d75b0db276fb5486b8901eb4b7a780625bf1c537932624788bbbbf12fcdb3e78,the time,data/audio/d75b0db276fb5486b8901eb4b7a780625bf1c537932624788bbbbf12fcdb3e78.mp3,0.4538072920000076,en-US-Wavenet-D,1.0,0
4241b8772f6d1b24c773b564ff0c523c59aad970064807eac2b8fdbfc360f6c3,il tempo / l'ora,data/audio/4241b8772f6d1b24c773b564ff0c523c59aad970064807eac2b8fdbfc360f6c3.mp3,0.1762324170000084,it-IT-Wavenet-D,0.75,0
554588a3c6a276fdc58402d26860592b206c861da3b3e808a4fa9cc6eef0bb49,how long / how much time,data/audio/554588a3c6a276fdc58402d26860592b206c861da3b3e808a4fa9cc6eef0bb49.mp3,0.1878730420000067,en-US-Wavenet-D,1.0,0
4ad05692a1aeb7516f14791bb438e80e31b8c4f5b2de85aaa3bee266a8e4f9d2,quanto tempo,data/audio/4ad05692a1aeb7516f14791bb438e80e31b8c4f5b2de85aaa3bee266a8e4f9d2.mp3,0.2237547080000013,it-IT-Wavenet-D,0.75,0
b7f2ed3a29c44920cb5208048489e7ecd54c24931675816b7ed776ed646b453e,what time is it,data/audio/b7f2ed3a29c44920cb5208048489e7ecd54c24931675816b7ed776ed646b453e.mp3,0.1829344169999984,en-US-Wavenet-D,1.0,0
cd59bbe9b918a920f8a2d917bbe4330d18d2c7cd3a1ede695a59e0d0299d7491,che ore e,data/audio/cd59bbe9b918a920f8a2d917bbe4330d18d2c7cd3a1ede695a59e0d0299d7491.mp3,0.1673923750000057,it-IT-Wavenet-D,0.75,0
7ef4f8845eaa5f55877fda9565db2e4c11acb7e3201317f1e9a93e9a52c255e7,the morning,data/audio/7ef4f8845eaa5f55877fda9565db2e4c11acb7e3201317f1e9a93e9a52c255e7.mp3,0.1745774580000016,en-US-Wavenet-D,1.0,0
0ace2d44b546e60c45991468b668643ca64caf2ca07dedfad9013e5e93029afc,la mattina,data/audio/0ace2d44b546e60c45991468b668643ca64caf2ca07dedfad9013e5e93029afc.mp3,0.1574055420000064,it-IT-Wavenet-D,0.75,0
0b1ba63f7ea00027345cf0f5a8e8ff37513eefe5b32d9279db9b1306f1d2e6b1,noon,data/audio/0b1ba63f7ea00027345cf0f5a8e8ff37513eefe5b32d9279db9b1306f1d2e6b1.mp3,0.2051664580000078,en-US-Wavenet-D,1.0,0
e9d72855319e596059ccdbb5768b1461e81c03382a22a7777538a5f98821ff9b,mezzogiorno,data/audio/e9d72855319e596059ccdbb5768b1461e81c03382a22a7777538a5f98821ff9b.mp3,0.1778086249999972,it-IT-Wavenet-D,0.75,0
6cf65533d7eb286e582470f5511b01cf97d03797c9bc4c8b31574339e2dec202,the afternoon,data/audio/6cf65533d7eb286e582470f5511b01cf97d03797c9bc4c8b31574339e2dec202.mp3,0.156072917000003,en-US-Wavenet-D,1.0,0
82e632d0e9dbe82bafcb9e363d5604d8766d3bd3721bab63549c0c526dff94cb,il pomeriggio,data/audio/82e632d0e9dbe82bafcb9e363d5604d8766d3bd3721bab63549c0c526dff94cb.mp3,0.2275843750000064,it-IT-Wavenet-D,0.75,0
4596ab0fccc0c868a5313dabd397d4ae4044e45e9354e5782805efb55525b5a5,the evening,data/audio/4596ab0fccc0c868a5313dabd397d4ae4044e45e9354e5782805efb55525b5a5.mp3,0.2471454160000092,en-US-Wavenet-D,1.0,0
9cb857769e89d24168c1d51180a08450d64f3d5804ac44f9a612fd20a615536b,la sera,data/audio/9cb857769e89d24168c1d51180a08450d64f3d5804ac44f9a612fd20a615536b.mp3,0.1715344999999928,it-IT-Wavenet-D,0.75,0
f59911155b891b3b4c89415c53f758d29362ec729c0cbbe14963cfcca44b92b9,the night,data/audio/f59911155b891b3b4c89415c53f758d29362ec729c0cbbe14963cfcca44b92b9.mp3,0.1563038329999955,en-US-Wavenet-D,1.0,0
1ba10c27d2e2c5ed23994086293e2e7e2e77866dd137d6f9ced1958c6287de48,la notte,data/audio/1ba10c27d2e2c5ed23994086293e2e7e2e77866dd137d6f9ced1958c6287de48.mp3,0.2105095000000005,it-IT-Wavenet-D,0.75,0
72b6d54c3690a7df47f1bcd56c8276869f41799e57add277f27b0b7856948ac1,midnight,data/audio/72b6d54c3690a7df47f1bcd56c8276869f41799e57add277f27b0b7856948ac1.mp3,0.2833447500000119,en-US-Wavenet-D,1.0,0
545e84081ae0f17ab709d56750be36400b321d2869a393a6ced3fba0d51ad408,mezzanotte,data/audio/545e84081ae0f17ab709d56750be36400b321d2869a393a6ced3fba0d51ad408.mp3,0.1706206249999979,it-IT-Wavenet-D,0.75,0
6939314d3691e95957eda1114b64ed3434d8af953d253b44b22d4d45d1462c8c,a second,data/audio/6939314d3691e95957eda1114b64ed3434d8af953d253b44b22d4d45d1462c8c.mp3,0.2065461249999884,en-US-Wavenet-D,1.0,0
e649a13dbe3fbac51492d3458e0fd02996614f8a33e650919a8fc7d9ef2e651e,un secondo,data/audio/e649a13dbe3fbac51492d3458e0fd02996614f8a33e650919a8fc7d9ef2e651e.mp3,0.2147185829999927,it-IT-Wavenet-D,0.75,0
59a4c6fff09eee52d9f686c8faa0806f4fb7d7c459e9d74aab74b998ed111773,a minute,data/audio/59a4c6fff09eee52d9f686c8faa0806f4fb7d7c459e9d74aab74b998ed111773.mp3,0.1490752500000098,en-US-Wavenet-D,1.0,0
7cfe2cddd5c7498c3d09b714379f76f1e9bbcbd03affa5d0c1e7e4bb7c85d6c7,un minuto,data/audio/7cfe2cddd5c7498c3d09b714379f76f1e9bbcbd03affa5d0c1e7e4bb7c85d6c7.mp3,0.2750209170000062,it-IT-Wavenet-D,0.75,0
64a4670e75d271ea59cdb437dd5a8d36653e512b2cdab07a7191bdb946105c87,an hour,data/audio/64a4670e75d271ea59cdb437dd5a8d36653e512b2cdab07a7191bdb946105c87.mp3,0.1975045830000112,en-US-Wavenet-D,1.0,0
38796e006d04cf555b3e51ca18b86d0a49516decc773edadd8ab4d4b85e424bb,un'ora,data/audio/38796e006d04cf555b3e51ca18b86d0a49516decc773edadd8ab4d4b85e424bb.mp3,0.3127577500000029,it-IT-Wavenet-D,0.75,0
e2da7aaa46059b5e90ec2ae3605e6a92cf707ec7be32c244042a2077f14cb7e8,eight o'clock,data/audio/e2da7aaa46059b5e90ec2ae3605e6a92cf707ec7be32c244042a2077f14cb7e8.mp3,0.1718964579999919,en-US-Wavenet-D,1.0,0
a2fc96200f5fa36f3ca66a0b88646e0e0e9571a451e7124b4f22dba40bd67a62,le otto,data/audio/a2fc96200f5fa36f3ca66a0b88646e0e0e9571a451e7124b4f22dba40bd67a62.mp3,0.1643062079999993,it-IT-Wavenet-D,0.75,0
3e948af14361d95e0f7137c676f2ad00b6092e5d99faa23dd80f705df371a844,it's eight o'clock,data/audio/3e948af14361d95e0f7137c676f2ad00b6092e5d99faa23dd80f705df371a844.mp3,0.1857673340000047,en-US-Wavenet-D,1.0,0
5ec7ed1a2f6ae4cf7400f77b26223a91b4e84ba8c2cb0aa05814913e1fd85581,sono le otto,data/audio/5ec7ed1a2f6ae4cf7400f77b26223a91b4e84ba8c2cb0aa05814913e1fd85581.mp3,0.1738485409999981,it-IT-Wavenet-D,0.75,0
7ea76e4c7908bed6c410b45f3a9a815f033099343532a1610ee63f90d84e5bd9,it's one o'clock,data/audio/7ea76e4c7908bed6c410b45f3a9a815f033099343532a1610ee63f90d84e5bd9.mp3,0.3119772080000018,en-US-Wavenet-D,1.0,0
5fa4c5699b6a09cf1ec0bbecc647c914a8570d1c38515ca6e18d403584e3018d,è l'una,data/audio/5fa4c5699b6a09cf1ec0bbecc647c914a8570d1c38515ca6e18d403584e3018d.mp3,0.5328842080000129,it-IT-Wavenet-D,0.75,0
5f05b28b16a7fffabb11b110028f612062608e7cf0d8aadf33468b82c7b895ff,a quarter past eight,data/audio/5f05b28b16a7fffabb11b110028f612062608e7cf0d8aadf33468b82c7b895ff.mp3,0.1632697499999977,en-US-Wavenet-D,1.0,0
685423391401e68585c9ca4d984b89ec7ad7182d26b8a28e14e16cc8c05abb93,le otto e un quarto,data/audio/685423391401e68585c9ca4d984b89ec7ad7182d26b8a28e14e16cc8c05abb93.mp3,0.1757425410000053,it-IT-Wavenet-D,0.75,0
06b575957c568d1afb8ea9d0165c90f78a4b90e4061f27ce70e13119decfab0d,eight fifteen,data/audio/06b575957c568d1afb8ea9d0165c90f78a4b90e4061f27ce70e13119decfab0d.mp3,0.190283291,en-US-Wavenet-D,1.0,0
61a63af133af70a34a2d27301488a2ba33dc523d9f2ad9b06fedc896b140b517,le otto e quindici,data/audio/61a63af133af70a34a2d27301488a2ba33dc523d9f2ad9b06fedc896b140b517.mp3,0.1930319580000059,it-IT-Wavenet-D,0.75,0
ce4f9bade2550fe054300710edae691ce4d9383ea615498aa433b2726d0ae65e,half past eight,data/audio/ce4f9bade2550fe054300710edae691ce4d9383ea615498aa433b2726d0ae65e.mp3,0.1912857089999988,en-US-Wavenet-D,1.0,0
09dc3170d501ba3494021bc7a0215d5b66f43c86669ebf8dadfee3c6eb541971,le otto e mezzo,data/audio/09dc3170d501ba3494021bc7a0215d5b66f43c86669ebf8dadfee3c6eb541971.mp3,0.3375625420000006,it-IT-Wavenet-D,0.75,0
b44b574e8e15037c5e2bbcaf28c6cbcc29d733a5eb63f35155025f7fc70cade5,a quarter to nine,data/audio/b44b574e8e15037c5e2bbcaf28c6cbcc29d733a5eb63f35155025f7fc70cade5.mp3,0.1577707499999974,en-US-Wavenet-D,1.0,0
28f566394e333eba9d1180df109817fe4ac9dad70793fd4c91c7a48e037165b2,un quarto alle nove,data/audio/28f566394e333eba9d1180df109817fe4ac9dad70793fd4c91c7a48e037165b2.mp3,0.1742741249999966,it-IT-Wavenet-D,0.75,0
76e0a3837a6ec2d3e0d909d11da2ecd3346580afa863ad80dac186e9c83289f2,eight fifty,data/audio/76e0a3837a6ec2d3e0d909d11da2ecd3346580afa863ad80dac186e9c83289f2.mp3,0.1910340830000052,en-US-Wavenet-D,1.0,0
17a40c92a51b29df6a4fd2eade2036d901802338e9af623f56d250a08ea53d64,le otto e cinquanta,data/audio/17a40c92a51b29df6a4fd2eade2036d901802338e9af623f56d250a08ea53d64.mp3,0.4233989999999892,it-IT-Wavenet-D,0.75,0
a1026ed84bd0a7c0a5db39c4531646dd0401f26dae334657ab7019734dc9ea96,ten minutes to nine,data/audio/a1026ed84bd0a7c0a5db39c4531646dd0401f26dae334657ab7019734dc9ea96.mp3,0.1794140420000047,en-US-Wavenet-D,1.0,0
405bb02be7b9333db72425e9558583e3db0f34499256cb4fbd15a33daf7024e9,le nove meno dieci,data/audio/405bb02be7b9333db72425e9558583e3db0f34499256cb4fbd15a33daf7024e9.mp3,0.2316184169999928,it-IT-Wavenet-D,0.75,0
91ae10927a1a6db3e7e917ba23fff2b45b74a0f754cc61c22d09f64da9394b93,eight o'clock in the morning,data/audio/91ae10927a1a6db3e7e917ba23fff2b45b74a0f754cc61c22d09f64da9394b93.mp3,0.2467165000000051,en-US-Wavenet-D,1.0,0
c70d3b4c22801b3e53236f60d5db8555eda46df3c770a41ae916c9cdfcaef3ff,le otto dela mattino,data/audio/c70d3b4c22801b3e53236f60d5db8555eda46df3c770a41ae916c9cdfcaef3ff.mp3,0.2545564999999925,it-IT-Wavenet-D,0.75,0
11b086b9e8e739b4053d2f709c058a1057e8c96e8d26330e9485d2b1c71cca6f,four o'clock in the afternoon,data/audio/11b086b9e8e739b4053d2f709c058a1057e8c96e8d26330e9485d2b1c71cca6f.mp3,0.1878783749999968,en-US-Wavenet-D,1.0,0
27a35deddfda37778351c85688942c32e8bcaed8d643c42118a7e85c28b84f67,le quattro del pomeriggio,data/audio/27a35deddfda37778351c85688942c32e8bcaed8d643c42118a7e85c28b84f67.mp3,0.2480143330000004,it-IT-Wavenet-D,0.75,0
a85ac95d5b347dfe5ae5a778bafb57f8d31768e0a519958a344f4e13fb4ecba5,eight o'clock at night,data/audio/a85ac95d5b347dfe5ae5a778bafb57f8d31768e0a519958a344f4e13fb4ecba5.mp3,0.2171482499999939,en-US-Wavenet-D,1.0,0
ce49a1b304c583552c85827ed8f170b613503c0f3ca1525c74f0bcf95f020cde,le otto di sera,data/audio/ce49a1b304c583552c85827ed8f170b613503c0f3ca1525c74f0bcf95f020cde.mp3,0.3521054999999933,it-IT-Wavenet-D,0.75,0
bd14d42bea78b4de5c4b730b9c28c58d1bd5ccc86a11ae547c21b9632d4da9d9,sixteen twenty,data/audio/bd14d42bea78b4de5c4b730b9c28c58d1bd5ccc86a11ae547c21b9632d4da9d9.mp3,0.2026000420000002,en-US-Wavenet-D,1.0,0
38c6478361d6ab4594a159cf8875219c3fd32d81afc83081f469e69eea7962d0,le sedici e venti,data/audio/38c6478361d6ab4594a159cf8875219c3fd32d81afc83081f469e69eea7962d0.mp3,0.2344279169999907,it-IT-Wavenet-D,0.75,0
1881463d95af8b79c32eea140660450b8c6d90febc018143c7cbc027a9cca255,I want,data/audio/1881463d95af8b79c32eea140660450b8c6d90febc018143c7cbc027a9cca255.mp3,0.423438167,en-US-Wavenet-D,1.0,0
c54955fe19f50b341ffb5cdb5fa76b0cf25d1d967afa95e9df002b7987b4e60b,io voglio,data/audio/c54955fe19f50b341ffb5cdb5fa76b0cf25d1d967afa95e9df002b7987b4e60b.mp3,0.1629921250000001,it-IT-Wavenet-D,0.75,0
001fcdd20f534b46205d04654536ff300a38ca8f628714bad7581a22cf46aa46,I don't want,data/audio/001fcdd20f534b46205d04654536ff300a38ca8f628714bad7581a22cf46aa46.mp3,0.17200725,en-US-Wavenet-D,1.0,0
4ec6f007adf5f2a5ab8896c7426dbcc6ac766516c757bd2005a4e4e91574379b,io non voglio,data/audio/4ec6f007adf5f2a5ab8896c7426dbcc6ac766516c757bd2005a4e4e91574379b.mp3,0.2216516670000001,it-IT-Wavenet-D,0.75,0
52a56cc58962d18c7ee31503c5aefcd049c7b98f0d9b7b3eab55c869ac59d121,where,data/audio/52a56cc58962d18c7ee31503c5aefcd049c7b98f0d9b7b3eab55c869ac59d121.mp3,0.1651223750000001,en-US-Wavenet-D,1.0,0
f1c9b6a12479980adc2c9a406a246f8932058eefc0d96c63ada33a7d5501816e,dove,data/audio/f1c9b6a12479980adc2c9a406a246f8932058eefc0d96c63ada33a7d5501816e.mp3,0.1801228749999999,it-IT-Wavenet-D,0.75,0
bd18691e0cca9177d6b4fbd7e52132a62646b2db234c3d07e102fda9704065e0,where is / where is it,data/audio/bd18691e0cca9177d6b4fbd7e52132a62646b2db234c3d07e102fda9704065e0.mp3,0.2284471670000001,en-US-Wavenet-D,1.0,0
b910629f26a39e26fd99a9675889772631666c978f9aaf244b5c223604642d1f,dove è,data/audio/b910629f26a39e26fd99a9675889772631666c978f9aaf244b5c223604642d1f.mp3,0.1661324579999998,it-IT-Wavenet-D,0.75,0
45a9f2ecceb637da1070b6b8036240e58c904ff2c7e16124c57d93399511e0b7,where is the toilet / where is the bathroom,data/audio/45a9f2ecceb637da1070b6b8036240e58c904ff2c7e16124c57d93399511e0b7.mp3,0.2568875000000004,en-US-Wavenet-D,1.0,0
fe5355bc1428d83a962db71ae33329c7273c4057ea55ef00f37bbe9320715012,dove è il bagno,data/audio/fe5355bc1428d83a962db71ae33329c7273c4057ea55ef00f37bbe9320715012.mp3,0.1632902919999992,it-IT-Wavenet-D,0.75,0
e7046a9a90b69dde232b378b557a39013e9611d64cd516fa37d50a1969e4d531,how much does it cost,data/audio/e7046a9a90b69dde232b378b557a39013e9611d64cd516fa37d50a1969e4d531.mp3,0.1686423339999994,en-US-Wavenet-D,1.0,0
114a280885bdfa2957a47f03dbfd5828fb9cc3902e9d5223a021cc0d75f11d55,quanto costa,data/audio/114a280885bdfa2957a47f03dbfd5828fb9cc3902e9d5223a021cc0d75f11d55.mp3,0.2125740419999999,it-IT-Wavenet-D,0.75,0
05a6af8085b85cce8f0c09a6c8b744dec72ff20001f06ff7b4d9ee5844ac8398,time / hour,data/audio/05a6af8085b85cce8f0c09a6c8b744dec72ff20001f06ff7b4d9ee5844ac8398.mp3,0.1512369580000001,en-US-Wavenet-D,1.0,0
861df2d96645d5d0b732f04a289f3856d16f12c5696c98e947ff1186c9f4776a,ora,data/audio/861df2d96645d5d0b732f04a289f3856d16f12c5696c98e947ff1186c9f4776a.mp3,0.154184625,it-IT-Wavenet-D,0.75,0
19aeb04e4b9241380b38e6fb05b23b452851244f1f21d8e7c1ae37338f3542dc,what time / which hour,data/audio/19aeb04e4b9241380b38e6fb05b23b452851244f1f21d8e7c1ae37338f3542dc.mp3,0.2247937919999998,en-US-Wavenet-D,1.0,0
c7dc9604065f8180679978d197632d2e81c20a4bf4cfcc6a981783113397835f,che ora,data/audio/c7dc9604065f8180679978d197632d2e81c20a4bf4cfcc6a981783113397835f.mp3,0.3169686249999994,it-IT-Wavenet-D,0.75,0
f3e40914b7ad26ccfd367385bddd54875ff8c13c5464c3e7e7ca3b807c453fca,at what time,data/audio/f3e40914b7ad26ccfd367385bddd54875ff8c13c5464c3e7e7ca3b807c453fca.mp3,0.1798405,en-US-Wavenet-D,1.0,0
e738128716724b99e45a7dbd94f3a17f565b6203a0773cd07eb9a2619784f41d,a che ora,data/audio/e738128716724b99e45a7dbd94f3a17f565b6203a0773cd07eb9a2619784f41d.mp3,0.3216681249999995,it-IT-Wavenet-D,0.75,0
eb0caf476be9d1b2425b61bbaa59d8c7a17a2872e4d45ac97fdb03bc20149dd3,you have (polite),data/audio/eb0caf476be9d1b2425b61bbaa59d8c7a17a2872e4d45ac97fdb03bc20149dd3.mp3,0.2368844159999996,en-US-Wavenet-D,1.0,0
78884ac3dec486032f4a4623a7c870f4a33775ee2a2c1b7be0f04e802a596a90,Lei ha,data/audio/78884ac3dec486032f4a4623a7c870f4a33775ee2a2c1b7be0f04e802a596a90.mp3,0.1584215829999999,it-IT-Wavenet-D,0.75,0
2996a0fffe68290c1162cde366f96b57bab47efd37b0ff3a9ce1c6bc16c629e4,do you have (polite),data/audio/2996a0fffe68290c1162cde366f96b57bab47efd37b0ff3a9ce1c6bc16c629e4.mp3,0.205586834,en-US-Wavenet-D,1.0,0
aa996117dd8bac96bc2342a25c5caf82299960b10f61a9dfdc1041f45ba7d92f,ha,data/audio/aa996117dd8bac96bc2342a25c5caf82299960b10f61a9dfdc1041f45ba7d92f.mp3,0.1682987919999998,it-IT-Wavenet-D,0.75,0
71f12d06b9f6a22d708f7964449446a74454a6978a275466581a96dd328c66bc,I understand,data/audio/71f12d06b9f6a22d708f7964449446a74454a6978a275466581a96dd328c66bc.mp3,0.1933612080000006,en-US-Wavenet-D,1.0,0
c20f3c6fa22b06ca322e63700a734e75e47b78daa04bafc4bf301142903ad4f4,io capisco,data/audio/c20f3c6fa22b06ca322e63700a734e75e47b78daa04bafc4bf301142903ad4f4.mp3,0.4072419580000002,it-IT-Wavenet-D,0.75,0
ee324499f20c907f7da1cffa646314f5dc84778ec5e2a87d9711aa694d9dad8a,I don't understand,data/audio/ee324499f20c907f7da1cffa646314f5dc84778ec5e2a87d9711aa694d9dad8a.mp3,0.1584758329999998,en-US-Wavenet-D,1.0,0
a14612f095d1110d17fa3559c9de3835faf9d5c0499c1a3eafa9f2056de7545c,io non capisco,data/audio/a14612f095d1110d17fa3559c9de3835faf9d5c0499c1a3eafa9f2056de7545c.mp3,0.2958826250000008,it-IT-Wavenet-D,0.75,0
eb661ee098bdd16a6b9858458752fddd9f8435f2a316379fff3ba27daec011d7,do you understand,data/audio/eb661ee098bdd16a6b9858458752fddd9f8435f2a316379fff3ba27daec011d7.mp3,0.2841538330000013,en-US-Wavenet-D,1.0,0
2f036977cbf1cb925c45c907d3387bf75167a335a8507299514c9cd88a7900e9,Lei capisce,data/audio/2f036977cbf1cb925c45c907d3387bf75167a335a8507299514c9cd88a7900e9.mp3,0.151952541,it-IT-Wavenet-D,0.75,0
f809826f09ac2b8702af75908cb452743179ea7ddad3495dcdb0bb016e816139,it is,data/audio/f809826f09ac2b8702af75908cb452743179ea7ddad3495dcdb0bb016e816139.mp3,0.2004906250000004,en-US-Wavenet-D,1.0,0
1e551e8dbc833e722de1cfe83b1b4c12c10b1efddef677295658dbbad8c183c4,è,data/audio/1e551e8dbc833e722de1cfe83b1b4c12c10b1efddef677295658dbbad8c183c4.mp3,0.1707243749999989,it-IT-Wavenet-D,0.75,0
51cefdef6a5b8bd97ef8f3c0fa8c99a6443986b8a5e4367ca8a9dc3c574dcfdb,is it?,data/audio/51cefdef6a5b8bd97ef8f3c0fa8c99a6443986b8a5e4367ca8a9dc3c574dcfdb.mp3,0.1702713339999988,en-US-Wavenet-D,1.0,0
ecfe36298c120700cc58fdd96caccfe6cac004aa8d759ed94688367a048da0aa,è?,data/audio/ecfe36298c120700cc58fdd96caccfe6cac004aa8d759ed94688367a048da0aa.mp3,0.1394387080000001,it-IT-Wavenet-D,0.75,0
bcdc46875117c0c521c063b11f8f994be6d61b3fcea4d165764bfb71974f914b,zero,data/audio/bcdc46875117c0c521c063b11f8f994be6d61b3fcea4d165764bfb71974f914b.mp3,0.5806157500000002,en-US-Wavenet-D,1.0,0
529656f5b6d79fe84644f58169d24842736691b661fafc2b56b80483bbff50a9,zero,data/audio/529656f5b6d79fe84644f58169d24842736691b661fafc2b56b80483bbff50a9.mp3,0.4063721670000002,it-IT-Wavenet-D,0.75,0
aeaf4f8ed66ffda5ee98efa0b1ae221e1e576a49f19a622a472c9392f03b61ee,one,data/audio/aeaf4f8ed66ffda5ee98efa0b1ae221e1e576a49f19a622a472c9392f03b61ee.mp3,0.2374241659999998,en-US-Wavenet-D,1.0,0
20872e12cbb8ef3c5325e605409324cccb9e456ec77db2d42c9a36f513bf1949,uno,data/audio/20872e12cbb8ef3c5325e605409324cccb9e456ec77db2d42c9a36f513bf1949.mp3,0.146280666,it-IT-Wavenet-D,0.75,0
c59a5557574f413384912e681b90650f938962975a1b218411dee55be8ca45ee,two,data/audio/c59a5557574f413384912e681b90650f938962975a1b218411dee55be8ca45ee.mp3,0.3127895829999998,en-US-Wavenet-D,1.0,0
2da778e313c3fef3b893bbcad27785db6aabcdef9c5e86c2f557586c605695d9,due,data/audio/2da778e313c3fef3b893bbcad27785db6aabcdef9c5e86c2f557586c605695d9.mp3,0.2342999159999994,it-IT-Wavenet-D,0.75,0
182b5e8ef70d45fc028dda09fb9b057a40cbc37de2990af11e9fc9241d1b1ff8,three,data/audio/182b5e8ef70d45fc028dda09fb9b057a40cbc37de2990af11e9fc9241d1b1ff8.mp3,0.2703104169999992,en-US-Wavenet-D,1.0,0
c6e8c8a917ee43446b107d5db9a99dd1159b88c7d46b2283ad64707619e6eae2,tre,data/audio/c6e8c8a917ee43446b107d5db9a99dd1159b88c7d46b2283ad64707619e6eae2.mp3,0.1803791669999999,it-IT-Wavenet-D,0.75,0
05005bf4332eb2b929ad4556a1a3bb39f3280c1905c7ffe363b7d2926bdb220b,four,data/audio/05005bf4332eb2b929ad4556a1a3bb39f3280c1905c7ffe363b7d2926bdb220b.mp3,0.2058337080000001,en-US-Wavenet-D,1.0,0
8d3f5fb72dea80360dfa0f562221214a27c1e3f0a790ddd88fe597e4505bbe15,quattro,data/audio/8d3f5fb72dea80360dfa0f562221214a27c1e3f0a790ddd88fe597e4505bbe15.mp3,0.1520495420000003,it-IT-Wavenet-D,0.75,0
d26746a1acab460ce562214d6db32acd3fabee476609657e8a0e9141c0eb0c0d,five,data/audio/d26746a1acab460ce562214d6db32acd3fabee476609657e8a0e9141c0eb0c0d.mp3,0.3835617500000001,en-US-Wavenet-D,1.0,0
a41ecb42baefa82aee07ff8ef275f85447837350adcf94d71429ffe873108e7e,cinque,data/audio/a41ecb42baefa82aee07ff8ef275f85447837350adcf94d71429ffe873108e7e.mp3,0.1616242080000001,it-IT-Wavenet-D,0.75,0
8e19a6715521423fcd7681f014dffeb5c14733bd66db283fa42826c6f508eb8c,six,data/audio/8e19a6715521423fcd7681f014dffeb5c14733bd66db283fa42826c6f508eb8c.mp3,0.2614079580000004,en-US-Wavenet-D,1.0,0
08b9c102f20be5bacd965e8eb632e4ab134c08a1f5f435eb8ad94b186c94537b,sei,data/audio/08b9c102f20be5bacd965e8eb632e4ab134c08a1f5f435eb8ad94b186c94537b.mp3,0.1864204580000006,it-IT-Wavenet-D,0.75,0
b70504baa8dd00c59533eba94df843fa841e660879d0b2654b0a660c4760a5f5,seven,data/audio/b70504baa8dd00c59533eba94df843fa841e660879d0b2654b0a660c4760a5f5.mp3,0.2078864580000008,en-US-Wavenet-D,1.0,0
e0c755f7c45776e307c3ceb366b3ca8344266c300937b4b5dea9ae9257c1b1d4,sette,data/audio/e0c755f7c45776e307c3ceb366b3ca8344266c300937b4b5dea9ae9257c1b1d4.mp3,0.2583010000000003,it-IT-Wavenet-D,0.75,0
8efc935bc11e626300e11229d4665c54bf444cea91a80de949fc7f781670ca55,eight,data/audio/8efc935bc11e626300e11229d4665c54bf444cea91a80de949fc7f781670ca55.mp3,0.1425925829999998,en-US-Wavenet-D,1.0,0
594a4871a6d0307b7df8f063c7810ab66dc2670f9936e161d64159f4d192b11a,otto,data/audio/594a4871a6d0307b7df8f063c7810ab66dc2670f9936e161d64159f4d192b11a.mp3,0.2081877909999994,it-IT-Wavenet-D,0.75,0
bdfcd8473f38b61ded26280f3fd0b90a340897deb382b8c6e99b3b62a1c01ae1,nine,data/audio/bdfcd8473f38b61ded26280f3fd0b90a340897deb382b8c6e99b3b62a1c01ae1.mp3,0.2928374590000002,en-US-Wavenet-D,1.0,0
0f849fc4c55d5483566362bb526b20a080a255e5556679ddbda75bf4e4cdc4d2,nove,data/audio/0f849fc4c55d5483566362bb526b20a080a255e5556679ddbda75bf4e4cdc4d2.mp3,0.3050548749999997,it-IT-Wavenet-D,0.75,0
4c177c98157670687cce5ded850a14fba9e8b6004922863636ef328357a697bb,ten,data/audio/4c177c98157670687cce5ded850a14fba9e8b6004922863636ef328357a697bb.mp3,0.2679165419999991,en-US-Wavenet-D,1.0,0
be303421044ee0466dc6302c6407da9120df2c3fc168c2f86c112956fa36c967,dieci,data/audio/be303421044ee0466dc6302c6407da9120df2c3fc168c2f86c112956fa36c967.mp3,0.2450888749999995,it-IT-Wavenet-D,0.75,0
416132a6fe3af531ce0c98fc61e2f00229ae6d8de0f2b8bf5ddb4950ad9303a6,one hundred,data/audio/416132a6fe3af531ce0c98fc61e2f00229ae6d8de0f2b8bf5ddb4950ad9303a6.mp3,0.5571093329999997,en-US-Wavenet-D,1.0,0
09d5d5b5a3d837828bfc31338a7c7e8ac303ff38ae8c114586e95815823a3670,cento,data/audio/09d5d5b5a3d837828bfc31338a7c7e8ac303ff38ae8c114586e95815823a3670.mp3,0.3069214590000229,it-IT-Wavenet-D,0.75,0
6cfcc702bbecf38e35630239be81808b89830a6316b2ccc0a28535129505e2d6,one hundred one,data/audio/6cfcc702bbecf38e35630239be81808b89830a6316b2ccc0a28535129505e2d6.mp3,0.3030637090000141,en-US-Wavenet-D,1.0,0
f0b770ce3901c5a0f30204501b8f719de67fcf507ec8a53c15f7678a536cd53b,cento uno,data/audio/f0b770ce3901c5a0f30204501b8f719de67fcf507ec8a53c15f7678a536cd53b.mp3,0.4080501669999989,it-IT-Wavenet-D,0.75,0
d1981efbc260028c8229731f346be27a635c87d27f6f4d216183ddfe0f66cf04,one hundred two,data/audio/d1981efbc260028c8229731f346be27a635c87d27f6f4d216183ddfe0f66cf04.mp3,0.4496771249999938,en-US-Wavenet-D,1.0,0
9a6bc9c99d1d7e7f36592d5378306987951404d88ac5bbfc8ce01bef0d2cb619,cento due,data/audio/9a6bc9c99d1d7e7f36592d5378306987951404d88ac5bbfc8ce01bef0d2cb619.mp3,0.188263959000011,it-IT-Wavenet-D,0.75,0
6d6fd925f1b91c43d47f27e010cdd43494a5193db8740f01942a890e8397d42c,one hundred fifteen,data/audio/6d6fd925f1b91c43d47f27e010cdd43494a5193db8740f01942a890e8397d42c.mp3,0.2112944590000154,en-US-Wavenet-D,1.0,0
a742eac69b7f381a4786266566055f3967a0d5d78f4d18ded50c5a9063f6800a,cento quindici,data/audio/a742eac69b7f381a4786266566055f3967a0d5d78f4d18ded50c5a9063f6800a.mp3,0.1871250830000121,it-IT-Wavenet-D,0.75,0
6283662deadff15a940666961c32ab2902726a9f9757409b652dda79e79be3f8,two hundred,data/audio/6283662deadff15a940666961c32ab2902726a9f9757409b652dda79e79be3f8.mp3,0.2234007920000067,en-US-Wavenet-D,1.0,0
92bd2b2ddfefd5439123400e25c3eb1cf91ea3ce06ed759cb3e61cc6dbc90a40,duecento,data/audio/92bd2b2ddfefd5439123400e25c3eb1cf91ea3ce06ed759cb3e61cc6dbc90a40.mp3,0.3140710000000126,it-IT-Wavenet-D,0.75,0
702027f70f714d540c03c62cb19221eff39f8be3121af967ebf2efa7ac718c90,two hundred twenty,data/audio/702027f70f714d540c03c62cb19221eff39f8be3121af967ebf2efa7ac718c90.mp3,0.2759324159999892,en-US-Wavenet-D,1.0,0
76626025a482732dfa524f0f5e1d439c3ba2d6470d061543ea1935c60f1e6bee,duecentoventi,data/audio/76626025a482732dfa524f0f5e1d439c3ba2d6470d061543ea1935c60f1e6bee.mp3,0.2379919999999913,it-IT-Wavenet-D,0.75,0
997d04753b7b84092eec65ea3f1d6275ae0ab6291d9e2c5fd66f6c68fb707260,three hundred,data/audio/997d04753b7b84092eec65ea3f1d6275ae0ab6291d9e2c5fd66f6c68fb707260.mp3,0.348379666999989,en-US-Wavenet-D,1.0,0
a7eaab8cd3131d4e5784adef0624f80c297697c71de73e1ce5e315ef65e2b401,trecento,data/audio/a7eaab8cd3131d4e5784adef0624f80c297697c71de73e1ce5e315ef65e2b401.mp3,0.2486527499999908,it-IT-Wavenet-D,0.75,0
e508af2bca0f891c3e79eb8ba79ee95ebfe3465d5ae8c24db691cf362352b23d,four hundred,data/audio/e508af2bca0f891c3e79eb8ba79ee95ebfe3465d5ae8c24db691cf362352b23d.mp3,0.2161985410000113,en-US-Wavenet-D,1.0,0
f584f347ceeea19713a954db79e1aefce2e7e7598f519ae15d3188f0e7da8095,quattrocento,data/audio/f584f347ceeea19713a954db79e1aefce2e7e7598f519ae15d3188f0e7da8095.mp3,0.4527905829999952,it-IT-Wavenet-D,0.75,0
2fffbce76bf18049d58dee8b670daa47b2e66186b42b61690280b99f59de4a37,five hundred,data/audio/2fffbce76bf18049d58dee8b670daa47b2e66186b42b61690280b99f59de4a37.mp3,0.4048480829999903,en-US-Wavenet-D,1.0,0
d3d021b7aae138ca3503b676d9ea0c01e753ea8c549a94b3f05dde0b7774809c,cinquecento,data/audio/d3d021b7aae138ca3503b676d9ea0c01e753ea8c549a94b3f05dde0b7774809c.mp3,0.3049244580000163,it-IT-Wavenet-D,0.75,0
6762b7b482ed67cc9d70d29025f684ad8cba6fb961d11c53367bc433fb6acb0e,six hundred,data/audio/6762b7b482ed67cc9d70d29025f684ad8cba6fb961d11c53367bc433fb6acb0e.mp3,0.2572988750000036,en-US-Wavenet-D,1.0,0
7bc75e9f07dafca31bea3224ebf058c03143bf788a579d76040794459a60fd87,seicento,data/audio/7bc75e9f07dafca31bea3224ebf058c03143bf788a579d76040794459a60fd87.mp3,0.2003849159999902,it-IT-Wavenet-D,0.75,0
2aa52209c8a0c9bad7e97e87efac7f25cb31da3073e88dee41b8cc125905cdf8,seven hundred,data/audio/2aa52209c8a0c9bad7e97e87efac7f25cb31da3073e88dee41b8cc125905cdf8.mp3,0.2528275829999984,en-US-Wavenet-D,1.0,0
e25938790418eb93bd3cae05b1536b130b54d89b1b17a44c5984361324a739e2,settecento,data/audio/e25938790418eb93bd3cae05b1536b130b54d89b1b17a44c5984361324a739e2.mp3,0.361219583999997,it-IT-Wavenet-D,0.75,0
4041a8fc71c2b699d5fd15e39ae2b1f832503c1376619c5c63fd47594f153f3a,eight hundred,data/audio/4041a8fc71c2b699d5fd15e39ae2b1f832503c1376619c5c63fd47594f153f3a.mp3,0.1686964999999816,en-US-Wavenet-D,1.0,0
2c6c200276406fcc2524a13c4e204c06d9b5c52499d37018c737b024ec526807,ottocento,data/audio/2c6c200276406fcc2524a13c4e204c06d9b5c52499d37018c737b024ec526807.mp3,0.226050750000013,it-IT-Wavenet-D,0.75,0
63315c04aacb043f2dfd68d81d055021823c1057135d3605c1eca67c9b63cfa1,nine hundred,data/audio/63315c04aacb043f2dfd68d81d055021823c1057135d3605c1eca67c9b63cfa1.mp3,0.2039227920000144,en-US-Wavenet-D,1.0,0
11ea9a91c622b7847d0c99297cff7e69c3a1fbd8cd62d740a29be1b04df7c554,novecento,data/audio/11ea9a91c622b7847d0c99297cff7e69c3a1fbd8cd62d740a29be1b04df7c554.mp3,0.2572923339999988,it-IT-Wavenet-D,0.75,0
34e20eb2dc4215ea96649c7806de90dc5a58dea2f68100c823e3b38acbd7bb0f,one thousand,data/audio/34e20eb2dc4215ea96649c7806de90dc5a58dea2f68100c823e3b38acbd7bb0f.mp3,0.2988740830000154,en-US-Wavenet-D,1.0,0
8491ae13bc4a5fd2f58bd140579fb19fb36325ab1a38eccceb728968b22caa6d,mille,data/audio/8491ae13bc4a5fd2f58bd140579fb19fb36325ab1a38eccceb728968b22caa6d.mp3,0.1664729999999963,it-IT-Wavenet-D,0.75,0
7705cbaade473a57ed652414d7c6fd033387b1adf36f29de560272aa75b8dbf9,one thousand one hundred,data/audio/7705cbaade473a57ed652414d7c6fd033387b1adf36f29de560272aa75b8dbf9.mp3,0.1662533330000144,en-US-Wavenet-D,1.0,0
4bd85059a17d1b5d0643f0cb87c86234394ca3278a0710cda7bf5c3f7cdd5f3b,millecento,data/audio/4bd85059a17d1b5d0643f0cb87c86234394ca3278a0710cda7bf5c3f7cdd5f3b.mp3,0.381135917000023,it-IT-Wavenet-D,0.75,0
0ff84423d1994f416ef556dec23186b00a8d21c9aeb184d4cdceecdece759e26,one thousand two hundred,data/audio/0ff84423d1994f416ef556dec23186b00a8d21c9aeb184d4cdceecdece759e26.mp3,0.2271588749999864,en-US-Wavenet-D,1.0,0
33276f3f62ffb7f1bf82b8ed6fbf20a786f4a84e2d79501a9d6d116f2f4eb0ad,milleduecento,data/audio/33276f3f62ffb7f1bf82b8ed6fbf20a786f4a84e2d79501a9d6d116f2f4eb0ad.mp3,0.1898594169999796,it-IT-Wavenet-D,0.75,0
b1727a92e69ee67b07fc3a46a26467a2ab914da84c18392a038859352190e865,one thousand five hundred,data/audio/b1727a92e69ee67b07fc3a46a26467a2ab914da84c18392a038859352190e865.mp3,0.2811643340000103,en-US-Wavenet-D,1.0,0
64f39e391e0133b728e8770c8018e821a5cd69d1f569368a569bb668d007df8c,millecinquecento,data/audio/64f39e391e0133b728e8770c8018e821a5cd69d1f569368a569bb668d007df8c.mp3,0.3023630000000139,it-IT-Wavenet-D,0.75,0
a8037cb87a35674fd17857f8adc62da24a1bacb622084ea24574536440490fcd,one thousand seven hundred,data/audio/a8037cb87a35674fd17857f8adc62da24a1bacb622084ea24574536440490fcd.mp3,0.3040369590000011,en-US-Wavenet-D,1.0,0
afe403ba14d14ad33e344efbca181b8981053506da1649501c56d5cb19a49aec,millesettecento,data/audio/afe403ba14d14ad33e344efbca181b8981053506da1649501c56d5cb19a49aec.mp3,0.3027577499999836,it-IT-Wavenet-D,0.75,0
9d9bf39ad544928a8f453e89a5080bb068024679fdd6ea5e0ba74b6e29d940b0,ten thousand,data/audio/9d9bf39ad544928a8f453e89a5080bb068024679fdd6ea5e0ba74b6e29d940b0.mp3,0.3755837500000041,en-US-Wavenet-D,1.0,0
a5e29b33ea4d5f9189aa60920971ada53c235e340a63d145ab292db0df90a83b,diecimila,data/audio/a5e29b33ea4d5f9189aa60920971ada53c235e340a63d145ab292db0df90a83b.mp3,0.3322124999999971,it-IT-Wavenet-D,0.75,0
52b068e10c8e3531638b67c911a6821502e5903a8ae970c630e22c323e202b74,twenty thousand,data/audio/52b068e10c8e3531638b67c911a6821502e5903a8ae970c630e22c323e202b74.mp3,0.3035487919999866,en-US-Wavenet-D,1.0,0
ad86c2445cfbafabe02956837d3079d7f8d08126aae7b698dbf80677333d4961,ventimila,data/audio/ad86c2445cfbafabe02956837d3079d7f8d08126aae7b698dbf80677333d4961.mp3,0.2489176250000184,it-IT-Wavenet-D,0.75,0
028a5aa270d3069d8d8d8f180e9c586e772ba76890456d107481825a1127bbca,one hundred thousand,data/audio/028a5aa270d3069d8d8d8f180e9c586e772ba76890456d107481825a1127bbca.mp3,0.1629303329999913,en-US-Wavenet-D,1.0,0
8b8a7e74c72efc84f9434436af828bae5ceec56423f823073746d7c92789abea,centomila,data/audio/8b8a7e74c72efc84f9434436af828bae5ceec56423f823073746d7c92789abea.mp3,0.2932157090000089,it-IT-Wavenet-D,0.75,0
a7bf2447727dbe624686da36e0283452884feb2645c6fd9ca7712a17953076f8,one million,data/audio/a7bf2447727dbe624686da36e0283452884feb2645c6fd9ca7712a17953076f8.mp3,0.4962892499999896,en-US-Wavenet-D,1.0,0
f14e8ccf74f3832468a511ee21e6c6d53fbe57c57df44a670bd9b912469d66c5,un milione,data/audio/f14e8ccf74f3832468a511ee21e6c6d53fbe57c57df44a670bd9b912469d66c5.mp3,0.3160643340000035,it-IT-Wavenet-D,0.75,0
3a5cb1f8e4667329318af48f7b254006d24492d0c928d5e6b2404dc930794d9a,the store / the shop,data/audio/3a5cb1f8e4667329318af48f7b254006d24492d0c928d5e6b2404dc930794d9a.mp3,0.5078972090000207,en-US-Wavenet-D,1.0,0
125bb51ee04302776673e333851d0d1cc928bb07f1cce7a085cbae312cc5bb7b,il negozio,data/audio/125bb51ee04302776673e333851d0d1cc928bb07f1cce7a085cbae312cc5bb7b.mp3,0.22011941700000648,it-IT-Wavenet-D,0.75,0
92b5a3090b6df2c35c96e79ebd5febb78407a7d632bda4334b35ed2dd1b1ae1a,a bakery,data/audio/92b5a3090b6df2c35c96e79ebd5febb78407a7d632bda4334b35ed2dd1b1ae1a.mp3,0.19231941600000368,en-US-Wavenet-D,1.0,0
abfd151bcc7642eb14bf3df1d092423d8727b0395521eb0b333835a769c36db4,un panificio / una panetteria,data/audio/abfd151bcc7642eb14bf3df1d092423d8727b0395521eb0b333835a769c36db4.mp3,0.29273629200000073,it-IT-Wavenet-D,0.75,0
3769e9bc138bccbd118eaaab08799e71c25d51655892d06f9847db92987bbdc6,the butcher,data/audio/3769e9bc138bccbd118eaaab08799e71c25d51655892d06f9847db92987bbdc6.mp3,0.20291291699999192,en-US-Wavenet-D,1.0,0
8af47ad7b5d51da74e306599c06ded472150c2a5bf8b27b5de29de3772f22fdd,il macellaio,data/audio/8af47ad7b5d51da74e306599c06ded472150c2a5bf8b27b5de29de3772f22fdd.mp3,0.26584708299998283,it-IT-Wavenet-D,0.75,0
deb381728cf81e7bd0321106876ea2852010731f0f04f60cd7db6a05f9d5a87e,a pharmacy,data/audio/deb381728cf81e7bd0321106876ea2852010731f0f04f60cd7db6a05f9d5a87e.mp3,0.3619419999999991,en-US-Wavenet-D,1.0,0
779428afa38c813d32c5762834b66cc4800d0a11667e88778ef56e19beadeb48,una farmacia,data/audio/779428afa38c813d32c5762834b66cc4800d0a11667e88778ef56e19beadeb48.mp3,0.20576370800000632,it-IT-Wavenet-D,0.75,0
e2a18d2474b1bdd2a496704905fd5ea0b1ba972888e89d031eae1f8d9a0b2b47,the supermarket,data/audio/e2a18d2474b1bdd2a496704905fd5ea0b1ba972888e89d031eae1f8d9a0b2b47.mp3,0.30188487500001315,en-US-Wavenet-D,1.0,0
7e80642b254ff759c8c966b2d3f43da01bfd0b49a8c4dc150bc5a3b3e47a8995,il supermercato,data/audio/7e80642b254ff759c8c966b2d3f43da01bfd0b49a8c4dc150bc5a3b3e47a8995.mp3,0.4074845410000023,it-IT-Wavenet-D,0.75,0
c369f3dad897b2fc199aa5496dfb5bd9428239a7c2e15686028ada8ebe53c85c,the pastry shop,data/audio/c369f3dad897b2fc199aa5496dfb5bd9428239a7c2e15686028ada8ebe53c85c.mp3,0.2866409169999997,en-US-Wavenet-D,1.0,0
9ddb1e6cd1dd458facbaa9648d35a3950697e2e0bf77bfbfc90f7a24fa125c66,la pasticceria,data/audio/9ddb1e6cd1dd458facbaa9648d35a3950697e2e0bf77bfbfc90f7a24fa125c66.mp3,0.32536070799997674,it-IT-Wavenet-D,0.75,0
09ac7dbe127ca1265fd44ad568bee70c1c451d69951afa5b33b1be05f159ea55,the office,data/audio/09ac7dbe127ca1265fd44ad568bee70c1c451d69951afa5b33b1be05f159ea55.mp3,0.296300207999991,en-US-Wavenet-D,1.0,0
03b7fc4d47496327db47cd25656458a292c7429ab9eed2c8fae93c27d0a20ddd,l'ufficio,data/audio/03b7fc4d47496327db47cd25656458a292c7429ab9eed2c8fae93c27d0a20ddd.mp3,0.3561287920000211,it-IT-Wavenet-D,0.75,0
618e3c12c75a8916ed00e77915401b3c7a275cf26c244b0cced0bb69d42ab0df,the post office,data/audio/618e3c12c75a8916ed00e77915401b3c7a275cf26c244b0cced0bb69d42ab0df.mp3,0.2588978750000024,en-US-Wavenet-D,1.0,0
f6ce96238cd6fffb7f8ce2c7a135fa02ee3e4cae20c3848f90fb4a65226d6c27,l'ufficio postale / la posta,data/audio/f6ce96238cd6fffb7f8ce2c7a135fa02ee3e4cae20c3848f90fb4a65226d6c27.mp3,0.4100872079999931,it-IT-Wavenet-D,0.75,0
4143c06dba4255252841a0cbcd9e04aa615b7271f96693b7d5ae68382066f8b2,a laundry,data/audio/4143c06dba4255252841a0cbcd9e04aa615b7271f96693b7d5ae68382066f8b2.mp3,0.30248012500001664,en-US-Wavenet-D,1.0,0
e5f78e3eddc61ef85a4466cc5e6148e53a4eaa53c9a60ecae64160d06af43d7b,una lavanderia,data/audio/e5f78e3eddc61ef85a4466cc5e6148e53a4eaa53c9a60ecae64160d06af43d7b.mp3,0.35032791700001553,it-IT-Wavenet-D,0.75,0
361ff926579618fcd5f0373c31dd67ee8b11790d77cb402b326f26454cec85af,the barber,data/audio/361ff926579618fcd5f0373c31dd67ee8b11790d77cb402b326f26454cec85af.mp3,0.36077933400000006,en-US-Wavenet-D,1.0,0
0266c949809439bd3da383b4e9986145204ab5be4d9556e3ddfe13b3f875be47,il barbiere,data/audio/0266c949809439bd3da383b4e9986145204ab5be4d9556e3ddfe13b3f875be47.mp3,0.4101442500000019,it-IT-Wavenet-D,0.75,0
4030564cfa50ebe213e29bf641ab60b39224c83c7604b85fb208b6016e63a106,the hair dresser,data/audio/4030564cfa50ebe213e29bf641ab60b39224c83c7604b85fb208b6016e63a106.mp3,0.25112329099999897,en-US-Wavenet-D,1.0,0
ac69f8c31b0e67c3748b0e7a11d34514dc5e4a2d5a654f6a6253cfbae985fb3e,il parrucchiere,data/audio/ac69f8c31b0e67c3748b0e7a11d34514dc5e4a2d5a654f6a6253cfbae985fb3e.mp3,0.35691254200000344,it-IT-Wavenet-D,0.75,0
2e9e7dcefdeccb18e1b7bf0aba9b600a93d75402d0a7091e2dad0db815c11e8a,a beauty salon,data/audio/2e9e7dcefdeccb18e1b7bf0aba9b600a93d75402d0a7091e2dad0db815c11e8a.mp3,0.3048415000000091,en-US-Wavenet-D,1.0,0
252ccd888cc2e63f95d942f4bf45520ea70f04b7fef9ef49026925007dbc68dd,un salone di bellezza,data/audio/252ccd888cc2e63f95d942f4bf45520ea70f04b7fef9ef49026925007dbc68dd.mp3,0.22661612500002093,it-IT-Wavenet-D,0.75,0
a1f4217cb9ab2a0e488a780ac6c9fce03713a44fd9b62500644d5fff4bac2613,a book shop,data/audio/a1f4217cb9ab2a0e488a780ac6c9fce03713a44fd9b62500644d5fff4bac2613.mp3,0.38682854099999986,en-US-Wavenet-D,1.0,0
8467124f9f9e655e1a7d691fc3e5da7e087ab6ef7e19bacb3dc01b628a3174f6,una libreria,data/audio/8467124f9f9e655e1a7d691fc3e5da7e087ab6ef7e19bacb3dc01b628a3174f6.mp3,0.3025865409999824,it-IT-Wavenet-D,0.75,0
66e09cbf385c71ef8eda4dc61cab3418a23b4eb260923a1c142b3b53f0f3c1cf,the department store,data/audio/66e09cbf385c71ef8eda4dc61cab3418a23b4eb260923a1c142b3b53f0f3c1cf.mp3,0.36717629199998214,en-US-Wavenet-D,1.0,0
ad232f7d8a20149b0e3c14caad382c63d0c1c1ba7915522e001edfe2316285f1,il grande magazzino,data/audio/ad232f7d8a20149b0e3c14caad382c63d0c1c1ba7915522e001edfe2316285f1.mp3,0.32747337500001095,it-IT-Wavenet-D,0.75,0
8559d48d93e914d12d8af562bbaa1555d117b7f95bc44ecc559378690cf486cc,a market,data/audio/8559d48d93e914d12d8af562bbaa1555d117b7f95bc44ecc559378690cf486cc.mp3,0.2766457090000074,en-US-Wavenet-D,1.0,0
fb9ab0264262d5b99235eb3820632f91ed714ae0e1dfab6ad9d75c6171c9feca,un mercato,data/audio/fb9ab0264262d5b99235eb3820632f91ed714ae0e1dfab6ad9d75c6171c9feca.mp3,0.2585296670000048,it-IT-Wavenet-D,0.75,0
5f3b1cf7d6c456b1113e625507e9d990a4a5bd683f68232c07928f7cba4798d8,the police station,data/audio/5f3b1cf7d6c456b1113e625507e9d990a4a5bd683f68232c07928f7cba4798d8.mp3,0.29415699999998424,en-US-Wavenet-D,1.0,0
af4fe2f937912352b5abac79a2807ba11748830f09a4b7bd2f970ef7a0f16480,la stazione di polizia,data/audio/af4fe2f937912352b5abac79a2807ba11748830f09a4b7bd2f970ef7a0f16480.mp3,0.3055269170000088,it-IT-Wavenet-D,0.75,0
334fc9f975b50f0e6be4184022c5c2ab42719cd75b490862689616370b28671f,a restaurant,data/audio/334fc9f975b50f0e6be4184022c5c2ab42719cd75b490862689616370b28671f.mp3,0.19040179199998875,en-US-Wavenet-D,1.0,0
23d492c43fb4bd0115af9b3171f310cd7ce0dbbf373d4ce1a27f69657ae7e5ca,un ristorante,data/audio/23d492c43fb4bd0115af9b3171f310cd7ce0dbbf373d4ce1a27f69657ae7e5ca.mp3,0.5225354170000003,it-IT-Wavenet-D,0.75,0
dd5bbcbb7a82b7d2cace6b4b4ce39daae1213dfa85f9d3920f1df0a2b7ff9803,the cafe / the coffee house,data/audio/dd5bbcbb7a82b7d2cace6b4b4ce39daae1213dfa85f9d3920f1df0a2b7ff9803.mp3,0.233628374999995,en-US-Wavenet-D,1.0,0
35c9398bc6c44016f6ab61aa5873cdeb22ede212985bcc24e21255bc5374dbbf,il caffè / il bar,data/audio/35c9398bc6c44016f6ab61aa5873cdeb22ede212985bcc24e21255bc5374dbbf.mp3,0.1813089590000061,it-IT-Wavenet-D,0.75,0
79dba08f159554c6909bd114d25f762f1fec6a4e518fb538faf707a0272d6c20,an agency,data/audio/79dba08f159554c6909bd114d25f762f1fec6a4e518fb538faf707a0272d6c20.mp3,0.16506433300000367,en-US-Wavenet-D,1.0,0
ca214ed39f7ccb8cecf666e3b49bdb84f4132c4b9a693c24ba9063e3f2df262f,un'agenzia,data/audio/ca214ed39f7ccb8cecf666e3b49bdb84f4132c4b9a693c24ba9063e3f2df262f.mp3,0.3137730840000188,it-IT-Wavenet-D,0.75,0
5c8dbb66ca771dc6c5595625af97fc18522b96424c17068c3439e12cf9e3bb78,a travel agency,data/audio/5c8dbb66ca771dc6c5595625af97fc18522b96424c17068c3439e12cf9e3bb78.mp3,0.2803459159999875,en-US-Wavenet-D,1.0,0
502747c69607398a033d9e1956c5f79ed8a0072f96763dbe7ed8f155a10c066c,un'agenzia viaggi,data/audio/502747c69607398a033d9e1956c5f79ed8a0072f96763dbe7ed8f155a10c066c.mp3,0.29431149999999207,it-IT-Wavenet-D,0.75,0
57243fc4bebb5a3449941757629c4448295db9528d1acd88935fee1edce5ab9f,the deli,data/audio/57243fc4bebb5a3449941757629c4448295db9528d1acd88935fee1edce5ab9f.mp3,0.36031887499999016,en-US-Wavenet-D,1.0,0
b81548eb33fca40733ec4f07f12849e84f0ee9f723a44445d9d6288ddc48dabe,la salumeria,data/audio/b81548eb33fca40733ec4f07f12849e84f0ee9f723a44445d9d6288ddc48dabe.mp3,0.40748225000001526,it-IT-Wavenet-D,0.75,0
af109b5ca2549b01bbb56ee13b9ead91274135c8fc4bf15f9da2dfea6833f051,an ice cream parlor,data/audio/af109b5ca2549b01bbb56ee13b9ead91274135c8fc4bf15f9da2dfea6833f051.mp3,0.30308104099998445,en-US-Wavenet-D,1.0,0
a74a100793972f7eeb5bc5eb76be25f317f2a123ce6c8b2a0eec4cf0d225872c,una gelateria,data/audio/a74a100793972f7eeb5bc5eb76be25f317f2a123ce6c8b2a0eec4cf0d225872c.mp3,0.26302620900000306,it-IT-Wavenet-D,0.75,0
